experiment_id,algorithm_id,hyperparameter_hash,training_run_id,training_seed,train_frames,wall_clock_train_s,evaluation_episodes,mean_score,median_score,standard_deviation,best_score,learning_auc,checkpoint_sha256,manifest_sha256,manifest_path
double_dqn-f70aab67f8364d91,double_dqn,f70aab67f8364d91,v2-components-double-seed13,13,30000,49.98602294921875,100,188.0394671537801,127.44568745072897,113.95337224727301,651.1976938078271,5108293.275324826,0809fa0afc23bdc3473b36682d75b34f23610172e966523fbfb73b553d9bed85,a2883cf1b39d0a021e4102f855eaa1adf8a56bb9534cde381f85df01d6be5967,runs/v2-components/v2-components-double-seed13/manifest.json
double_dqn-f70aab67f8364d91,double_dqn,f70aab67f8364d91,v2-components-double-seed31,31,30000,46.97205471992493,100,242.53933409104346,179.88200314881226,175.99741558924202,1035.9905559318577,6169103.307635049,faf23690906b067223ff6e3348dc46a4a6a5f9aed8bbbfcbdafa45f83f7ef859,2d0175ae62878e6f307a9d893db4fa021c6b9bfacd0a42c2009d89c367cd5a14,runs/v2-components/v2-components-double-seed31/manifest.json
double_dqn-f70aab67f8364d91,double_dqn,f70aab67f8364d91,v2-components-double-seed53,53,30000,52.60419845581055,100,165.72910640276092,124.376589345537,111.48133621887827,651.1976938078271,5911319.398832271,f88b5420035b8e39ec9dc22c66a737940e7ca6bae0d0dafbae8dd0956589d32a,6a7b723079f525bd12467665b21c4d1456e276e8cb1ab493fd4aed323f5e47b2,runs/v2-components/v2-components-double-seed53/manifest.json
double_dqn-f70aab67f8364d91,double_dqn,f70aab67f8364d91,v2-components-double-seed73,73,30000,44.65523910522461,100,178.25213541440473,127.44568745072897,117.1252609831129,651.1976938078271,5691665.352606392,3085e67c3fde794247ab4cdc6847cc0c60ffb0a0e4b7c3e63a31026c04714848,b7ee636ddb5c2e1c983693773457af346162ea03995905ccc89844f8d78c2961,runs/v2-components/v2-components-double-seed73/manifest.json
double_dqn-f70aab67f8364d91,double_dqn,f70aab67f8364d91,v2-components-double-seed97,97,30000,48.6884388923645,100,222.2742311802066,179.88200314881226,161.40471310250564,1028.8454101534742,6734188.239247201,fdfcf8ac231ed5f5dd767214d05f52be8cf336978ce19deb9ecba5b6dbc588ee,0c09569f9dd7149365b8cae711ec10f2ad0eb67a81691474910550c2c92e10b6,runs/v2-components/v2-components-double-seed97/manifest.json
dueling_double_dqn-873b4e68b4a43e4f,dueling_double_dqn,873b4e68b4a43e4f,v2-components-dueling-double-seed13,13,30000,84.55669069290161,100,289.26804802544575,235.94509996149975,201.6051971841801,1162.3239898050967,7211693.311432161,e5b4dd428487b7cfe1764c901585279d5e1fee8c28bce96b2ae383a128a9e371,10c52edb3edc1a0a8c7388438e4c6d0fd2869a90145ceef643286361eda40bb9,runs/v2-components/v2-components-dueling-double-seed13/manifest.json
dueling_double_dqn-873b4e68b4a43e4f,dueling_double_dqn,873b4e68b4a43e4f,v2-components-dueling-double-seed31,31,30000,71.53244924545288,100,214.43683642425717,155.14441163097317,158.35648619421767,766.5520840984494,7696378.756988029,f04fec0a874484e00b8c541773638f229ff70b6033e6f6da0ac9f5b53db1d270,7c7d0c8960dd37c2426925b7d9b46a230182c1091d110b2a3ef75e5881b201a0,runs/v2-components/v2-components-dueling-double-seed31/manifest.json
dueling_double_dqn-873b4e68b4a43e4f,dueling_double_dqn,873b4e68b4a43e4f,v2-components-dueling-double-seed53,53,30000,54.98855209350586,100,280.31885085841475,245.34356122883696,171.38596803408308,982.5949227676505,6406106.765500606,f6fca561964727ce32784a0b6d6a0b367b526a068eb7d3e52d3a5acf272631c1,9cad2ab096754c38d4390893c1828e585e751546c69b0a337e13bbddf807a574,runs/v2-components/v2-components-dueling-double-seed53/manifest.json
dueling_double_dqn-873b4e68b4a43e4f,dueling_double_dqn,873b4e68b4a43e4f,v2-components-dueling-double-seed73,73,30000,56.85996150970459,100,285.46422693388945,250.04888539152168,172.58534364998883,982.5949227676505,7025928.640689416,00d2d0d6e6eceb4b505f1cf7be536096bc2bdfa7ac9315b87627ba9434f9f43e,06ac02790210e38ae7f1b689cea1b4c32775cfd58e0278f51aa4e261eb3384ef,runs/v2-components/v2-components-dueling-double-seed73/manifest.json
dueling_double_dqn-873b4e68b4a43e4f,dueling_double_dqn,873b4e68b4a43e4f,v2-components-dueling-double-seed97,97,30000,52.00020384788513,100,209.45081839683303,155.14441163097317,144.8023200342283,617.6824219334712,6596597.396559455,023ede7631613d39d95c658eb88d907fe92fca03137b9d27cf959fbb86dbf9bc,096f57d3eb92f0271a2f8979cfed0ec858bfa505ef215177afa4c74b2852979a,runs/v2-components/v2-components-dueling-double-seed97/manifest.json
dueling_double_dqn_n3-549aa9d67df8708c,dueling_double_dqn_n3,549aa9d67df8708c,v2-components-recommended-n3-seed13,13,30000,81.90782308578491,100,272.2075810738412,242.2098709007132,165.25084672083804,982.5949227676505,6748399.3733483115,39afa0299b45fbe8a17773e5fb5627bd1724da7c4db1efcb1ee347b4386f71c7,04ad2bbf810d31ea6ec269f202c65f5aec88f7a2a5c1b02132d6e9905c14cfdd,runs/v2-components/v2-components-recommended-n3-seed13/manifest.json
dueling_double_dqn_n3-549aa9d67df8708c,dueling_double_dqn_n3,549aa9d67df8708c,v2-components-recommended-n3-seed31,31,30000,74.78136110305786,100,242.3991951548652,179.88200314881226,181.8330479545731,1035.9905559318577,6431022.663731679,009bc2595cb0f55d8111dbc2df1e9ced988e6e448580eba78fb45f84e0cb7f44,9f22064481f5473fb8c343cb52b8686592657ff42d8c4cf58cdfcf7b4668092f,runs/v2-components/v2-components-recommended-n3-seed31/manifest.json
dueling_double_dqn_n3-549aa9d67df8708c,dueling_double_dqn_n3,549aa9d67df8708c,v2-components-recommended-n3-seed53,53,30000,65.8624062538147,100,293.9108254292781,251.61790757574593,184.76939644854477,982.5949227676505,7143820.473668857,ebfd4203a18a8c718e40acbf713c77cb93b3a54aabf52e25e5e3aa46459fa0d8,3aa225aed391ac06b3e7178840c6c3abfe81a70ac87045ea8f5902185b5e1645,runs/v2-components/v2-components-recommended-n3-seed53/manifest.json
dueling_double_dqn_n3-549aa9d67df8708c,dueling_double_dqn_n3,549aa9d67df8708c,v2-components-recommended-n3-seed73,73,30000,89.37925672531128,100,294.5983600475219,257.900100002915,177.06381889922125,982.5949227676505,6888860.6181653235,0bfddd63baa2871d059a2cc7914d07fedd9f6a2cff7afbe9d1aaae290a63fcc8,722e151237e4aac96f7078dc565cfede4689c1386e20e17fef47f72602985194,runs/v2-components/v2-components-recommended-n3-seed73/manifest.json
dueling_double_dqn_n3-549aa9d67df8708c,dueling_double_dqn_n3,549aa9d67df8708c,v2-components-recommended-n3-seed97,97,30000,118.47955346107483,100,345.2133488844684,306.8169743008158,201.07525414446866,1053.88818268321,7800751.848319756,57dbdfbba5fb88c1bfade16aa8fd0bddda2125c6c7b8162355ba32ee632dd0c6,10926fcdde9a791d31e80633ec2070f13b234eff473b1c8c27db545f0d6ca889,runs/v2-components/v2-components-recommended-n3-seed97/manifest.json
dqn-86e85222c0508775,dqn,86e85222c0508775,v2-components-vanilla-seed13,13,30000,32.77561378479004,100,187.57941553498426,124.376589345537,121.88769998552792,651.1976938078271,5537614.033756244,039879ff94e0bf0f301b682ddbffda874dbec751c900508ed8292f80c025b2c3,4e25274a0cb5b5140a0654537941eb25890e2e3b89add107137717b8832c543a,runs/v2-components/v2-components-vanilla-seed13/manifest.json
dqn-86e85222c0508775,dqn,86e85222c0508775,v2-components-vanilla-seed31,31,30000,44.22702884674072,100,324.2721988635997,273.6365867521863,209.27301602347828,1021.7081968149771,6360348.439761471,7e606e4ff5b9eb75ef704247b9e7e487dcf5500c0d4827b9ff5cc0d5cb1a0df1,422b518065ac220725f0d49759ffcb8165e37ebe6b780793d1f7c40c46d461fb,runs/v2-components/v2-components-vanilla-seed31/manifest.json
dqn-86e85222c0508775,dqn,86e85222c0508775,v2-components-vanilla-seed53,53,30000,39.972758054733276,100,186.8357516124465,127.44568745072897,112.54017954555127,651.1976938078271,5715074.242638864,41582b6a336a0b2c72bb012493cd13d062fe2dcae4093848ac1efbd09b32b305,9c5a91ab4661eddf9ae3c6fc991f2dbc0b6a2e039a0ec8870a7bfef9688ab69e,runs/v2-components/v2-components-vanilla-seed53/manifest.json
dqn-86e85222c0508775,dqn,86e85222c0508775,v2-components-vanilla-seed73,73,30000,43.3217031955719,100,258.95420859728,212.51756060734948,169.673146997853,891.0897618855696,6098038.420139603,e0d294203d2f00861185bfca16de9b3079fd706d0a196479cceed03bd95d3dbb,4960167f98d6c5e398878693a06025da2e656fa3a9a17e08346ffdc4ea03fa5d,runs/v2-components/v2-components-vanilla-seed73/manifest.json
dqn-86e85222c0508775,dqn,86e85222c0508775,v2-components-vanilla-seed97,97,30000,45.631319999694824,100,235.77752975710263,179.88200314881226,149.58096359879136,894.5848117532838,6776977.2586600045,a7d4f6ef9d8d950cc1c1cc05beadd2c00e18ad91e95f9cd1f89b40405d284686,5e4f2df27ffa3157e842623686df6888991950affdfec9db843ac4ebbe817fd6,runs/v2-components/v2-components-vanilla-seed97/manifest.json
